{
  "title": "WP-4 Ablation Study: Model Variant Comparison",
  "timestamp": "2025-11-09T15:48:39.538336",
  "models_evaluated": [
    "physical_only",
    "image_only",
    "concat",
    "attention"
  ],
  "model_metrics": {
    "physical_only": {
      "mean_r2": 0.6759241261737797,
      "std_r2": 0.0441803276426161,
      "mean_mae_km": 0.1356183469486147,
      "std_mae_km": 0.006836614010198975,
      "mean_rmse_km": 0.21049369620099348,
      "std_rmse_km": 0.012315450995830776,
      "description": "GBDT baseline (geometric + atmospheric features)"
    },
    "image_only": {
      "mean_r2": 0.2792235255241394,
      "std_r2": 0.06671884988510698,
      "mean_mae_km": 0.23289467692375182,
      "std_mae_km": 0.018520615819076727,
      "mean_rmse_km": 0.31483362917035546,
      "std_rmse_km": 0.01687276473353896,
      "description": "2D CNN baseline (image features only)"
    },
    "concat": {
      "mean_r2": 0.1804047107696533,
      "std_r2": 0.05699756095657392,
      "mean_mae_km": 0.24589681327342988,
      "std_mae_km": 0.016216172232210946,
      "mean_rmse_km": 0.3358215201121955,
      "std_rmse_km": 0.01284426099110667,
      "description": "2D CNN + physical features (concatenation fusion)"
    },
    "attention": {
      "mean_r2": 0.326096785068512,
      "std_r2": 0.07666648322420838,
      "mean_mae_km": 0.22146342396736146,
      "std_mae_km": 0.014003824251278017,
      "mean_rmse_km": 0.30425019417329685,
      "std_rmse_km": 0.019154755079143836,
      "description": "2D CNN + physical features (attention fusion)"
    }
  },
  "ablation_analysis": {
    "physical_vs_image": {
      "physical_r2": 0.6759241261737797,
      "image_r2": 0.2792235255241394,
      "r2_difference": 0.3967006006496403,
      "winner": "physical",
      "interpretation": "Physical features are stronger"
    },
    "image_vs_concat": {
      "image_only_r2": 0.2792235255241394,
      "concat_r2": 0.1804047107696533,
      "r2_gain": -0.09881881475448612,
      "interpretation": "Physical features do not help (or hurt)"
    },
    "concat_vs_attention": {
      "concat_r2": 0.1804047107696533,
      "attention_r2": 0.326096785068512,
      "r2_gain": 0.14569207429885866,
      "interpretation": "Attention fusion is better than simple concatenation"
    },
    "hybrid_vs_physical": {
      "physical_only_r2": 0.6759241261737797,
      "best_hybrid_r2": 0.326096785068512,
      "r2_difference": -0.34982734110526775,
      "winner": "physical",
      "interpretation": "Physical-only baseline is stronger (surprising!)"
    },
    "ranking": {
      "by_r2": [
        {
          "model": "physical_only",
          "r2": 0.6759241261737797
        },
        {
          "model": "attention",
          "r2": 0.326096785068512
        },
        {
          "model": "image_only",
          "r2": 0.2792235255241394
        },
        {
          "model": "concat",
          "r2": 0.1804047107696533
        }
      ],
      "best_model": "physical_only",
      "best_r2": 0.6759241261737797
    }
  },
  "key_findings": [
    "Best model: physical_only (R\u00b2 = 0.6759)",
    "Physical features outperform image features by \u0394R\u00b2 = 0.3967",
    "Adding physical features to image model degrades R\u00b2 by 0.0988",
    "Attention fusion improves over concatenation by \u0394R\u00b2 = 0.1457",
    "Physical-only baseline outperforms hybrid models by \u0394R\u00b2 = 0.3498 (suggests image features may be noisy or poorly integrated)"
  ]
}