{
  "worst_samples": {
    "threshold_km": 0.2,
    "n_flagged": 2,
    "percentage_flagged": 0.21436227224008575,
    "n_samples": 50,
    "sample_ids": [
      351,
      675,
      854,
      856,
      662,
      210,
      725,
      852,
      259,
      641,
      637,
      883,
      196,
      663,
      658,
      200,
      587,
      881,
      632,
      766,
      499,
      918,
      257,
      132,
      561,
      92,
      719,
      62,
      822,
      189,
      855,
      177,
      882,
      585,
      765,
      191,
      573,
      921,
      424,
      594,
      853,
      256,
      722,
      528,
      228,
      584,
      6,
      80,
      597,
      0
    ],
    "flight_ids": [
      0,
      1,
      3,
      3,
      1,
      0,
      2,
      3,
      0,
      1,
      1,
      3,
      0,
      1,
      1,
      0,
      1,
      3,
      1,
      2,
      0,
      4,
      0,
      0,
      1,
      0,
      2,
      0,
      3,
      0,
      3,
      0,
      3,
      1,
      2,
      0,
      1,
      4,
      0,
      1,
      3,
      0,
      2,
      1,
      0,
      1,
      0,
      0,
      1,
      0
    ],
    "errors_km": [
      0.21866369750046732,
      0.21379789277678057,
      0.17406630540073298,
      0.14085253940380071,
      0.13722047858139852,
      0.12992862949115197,
      0.12693026601164115,
      0.11929328033365727,
      0.10894463586028802,
      0.10752373270710225,
      0.1064053107025732,
      0.10360309854385708,
      0.10349998393446358,
      0.10020715237130473,
      0.09962915414818307,
      0.09387109040500097,
      0.0932122124620477,
      0.09100040703845491,
      0.09010882229370876,
      0.08965233444755533,
      0.08734074476674936,
      0.08562418803945282,
      0.08488474173463659,
      0.08292213175912272,
      0.0818863561633012,
      0.08177208716013862,
      0.07641089901807196,
      0.07436463064598386,
      0.0736855168328544,
      0.0701929186936966,
      0.06814790906336676,
      0.06793022383086678,
      0.06791825605373458,
      0.06699204969309303,
      0.0660212598365057,
      0.0657496416027823,
      0.0645029479335133,
      0.06422432269072642,
      0.06412714852848977,
      0.06380022901069848,
      0.06376503313918314,
      0.06247148121873089,
      0.062346354484678734,
      0.06227273720304438,
      0.06054205695407272,
      0.060527651433835705,
      0.05944247433351835,
      0.05884073929167333,
      0.05875653947880888,
      0.05853894377026189
    ],
    "mean_error_km": 0.21623079513862395,
    "max_error_km": 0.21866369750046732,
    "min_error_km": 4.003754596970666e-06
  },
  "correlation_analysis": {
    "error_vs_sza": {
      "correlation": 0.02268579136908159,
      "p_value": 0.4888753337799357,
      "significant": false
    },
    "error_vs_saa": {
      "correlation": -0.0028796680751217857,
      "p_value": 0.9300023621931034,
      "significant": false
    },
    "error_vs_blh": {
      "correlation": 0.007942027940906437,
      "p_value": 0.8085723235431326,
      "significant": false
    },
    "error_vs_lcl": {
      "correlation": 0.019997986225330097,
      "p_value": 0.5418077640722588,
      "significant": false
    },
    "error_vs_t2m": {
      "correlation": 0.042409405443902745,
      "p_value": 0.19558147846687543,
      "significant": false
    },
    "error_vs_d2m": {
      "correlation": 0.015899960159478553,
      "p_value": 0.6276446802876141,
      "significant": false
    }
  },
  "per_flight_error": {},
  "statistical_tests": {
    "anova_across_flights": {
      "f_statistic": 0.0,
      "p_value": 1.0
    },
    "conclusion": "Insufficient flights for ANOVA",
    "flights_tested": []
  },
  "timestamp": "2025-11-11T20:29:03.151626"
}