{
  "cpu_inference": {
    "batch_1": {
      "mean_time_ms": 0.2466440200805664,
      "std_time_ms": 0.015783183883901222,
      "throughput_samples_per_sec": 4054.4262928951184,
      "n_iterations": 100
    },
    "batch_4": {
      "mean_time_ms": 0.28537750244140625,
      "std_time_ms": 0.0352148183207832,
      "throughput_samples_per_sec": 14016.52185536693,
      "n_iterations": 100
    },
    "batch_16": {
      "mean_time_ms": 0.3935797461147966,
      "std_time_ms": 0.057525747976119604,
      "throughput_samples_per_sec": 40652.498402022014,
      "n_iterations": 58
    },
    "batch_32": {
      "mean_time_ms": 0.49928138995992727,
      "std_time_ms": 0.055910036742513415,
      "throughput_samples_per_sec": 64092.114473900874,
      "n_iterations": 29
    },
    "batch_64": {
      "mean_time_ms": 0.7197175707135882,
      "std_time_ms": 0.0891837297909422,
      "throughput_samples_per_sec": 88923.77038474279,
      "n_iterations": 14
    },
    "batch_128": {
      "mean_time_ms": 1.0505403791155135,
      "std_time_ms": 0.021317079796984998,
      "throughput_samples_per_sec": 121842.05628323174,
      "n_iterations": 7
    }
  },
  "single_sample_latency": {
    "mean_ms": 0.25859856605529785,
    "std_ms": 0.03804437887125806,
    "median_ms": 0.2447366714477539,
    "p95_ms": 0.3696203231811523,
    "p99_ms": 0.4024791717529297
  }
}